date,CF,FG,MA,OI,RM,SR,TA,ZC
20150105,0.999879029701,1.0,1.0,1.0,1.0,1.0,1.0,1.0
20150107,0.998148945463,1.0,1.0,1.0,1.0,1.0,1.0,1.0
20150108,0.997550095456,1.0,1.0,1.0,1.0,1.0,1.0,1.0
20150109,0.998843208431,1.0,1.0,1.0,1.0,1.0,1.0,1.0
20150112,1.00065405686,1.0,1.0,1.0,1.0,1.0,1.0,1.0
20150113,0.998232073958,1.0,1.0,1.0,1.0,1.0,1.0,1.0
20150114,0.997417693457,1.0,1.0,1.0,1.0,1.0,1.0,1.0
20150115,0.998110327833,1.0,1.0,1.0,1.0,1.0,1.0,1.0
20150116,0.995601876968,1.0,1.0,1.0,1.0,1.0,1.0,1.0
20150119,0.995682569899,1.0,1.0,1.0,1.0,1.0,1.0,1.0
20150120,0.997475939432,1.0,1.0,1.0,1.0,1.0,1.0,1.0
20150121,0.996002297281,1.0,1.0,1.0,1.0,1.0,1.0,1.0
20150122,0.993070371834,1.0,1.0,1.0,1.0,1.0,1.0,1.0
20150123,0.990503133305,1.0,1.0,1.0,1.0,1.0,1.0,1.0
20150126,0.992032456616,1.0,1.0,1.0,1.0,1.0,1.0,1.0
20150127,0.986402088163,1.0,1.0,1.0,1.0,1.0,1.0,1.0
20150128,0.98929377059,1.0,1.0,1.0,1.0,1.0,1.0,1.0
20150129,0.985739840799,1.0,1.0,1.0,1.0,1.0,1.0,1.0
20150130,0.991038284281,1.0,1.0,1.0,1.0,1.0,1.0,1.0
20150202,0.991895509792,1.0,1.0224310771,1.0,0.993271166099,1.01479357726,0.996350234691,1.0
20150203,0.991159249817,1.0,1.00740083694,1.0,1.00366967292,1.03981046261,1.01294827087,1.0
20150204,0.980555883786,1.0,1.00211192953,1.0,0.993749538357,1.03281137102,1.00731376803,1.0
20150205,0.985495595911,1.0,1.00112191315,1.0,0.993046855221,1.03415829052,0.996288611142,1.0
20150206,0.98829254979,1.0,0.994148426969,1.0,0.989060323555,1.04463577697,0.996820280987,1.0
20150209,0.989511745202,1.0,0.992651169498,1.0,0.994956831769,1.04258634303,1.00002306721,1.0
20150210,0.98836028069,1.0,0.994541351247,1.0,0.989130551321,1.0465070661,1.0066516665,1.0
20150211,0.988587961374,1.0,0.993379592176,1.0,0.988176393738,1.04354460194,1.00334386642,1.0
20150212,0.988217150956,1.0,1.00268181442,1.0,0.987791443444,1.04011446912,1.00375793835,1.0
20150213,0.986368418273,1.0,0.991797663895,1.0,1.00874710989,1.03778181385,1.0095500092,1.0
20150216,0.986444525494,1.0,0.985913999245,1.0,1.00321047474,1.03496109174,1.01498388565,1.0
20150217,0.987380283148,1.0,0.986127651838,1.0,1.01358133675,1.03383159854,1.02223739726,1.0
20150225,0.987065877061,1.0,1.01161591824,1.0,1.01635199757,1.03718219131,1.0195383815,1.0
20150226,0.985627556693,1.0,1.00859622468,1.0,1.02664744669,1.03879660238,1.00047027534,1.0
20150227,0.984214814736,1.0,1.00800912221,1.0,1.02628781559,1.03100627536,1.0073178658,1.0
20150302,0.983466021304,1.0,0.990162418675,1.0,1.01871199559,1.0297430833,1.00436013407,1.0
20150303,0.983989713041,1.0,0.9824648595,1.0,1.00362721861,1.02679794139,1.01463086841,1.0
20150304,0.985649073525,1.0,0.969489956263,1.0,0.998518341799,1.02799132069,1.01712530117,1.0
20150305,0.985496574993,1.0,0.96754663228,1.0,0.998392261294,1.02231801751,1.05122045471,1.0
20150306,0.986076119823,1.0,0.959456570588,1.0,1.0077790803,1.02350365837,1.04117727445,1.0
20150309,0.984163640209,1.0,0.983691066304,1.0,1.01219527114,1.02528435491,1.03422063891,1.0
20150310,0.984066859563,1.0,0.992771693958,1.0,1.0088664854,1.02905065746,1.03538278875,1.0
20150311,0.983239739294,1.0,0.990329219719,1.0,1.03245134307,1.02724430618,1.03699877578,1.0
20150312,0.981518505737,1.0,1.01229939961,1.0,1.0209984224,1.02762646791,1.03872152361,1.0
20150313,0.983011742516,1.0,1.00857787927,1.0,1.02324309338,1.02332507465,1.04639405135,1.0
20150316,0.983276400871,1.0,0.998623272656,1.0,1.01029642258,1.01904951724,1.03051796757,1.0
20150317,0.983841680099,1.0,0.982261203927,1.0,1.01320820172,1.01811208296,1.0214150304,1.0
20150318,0.984154590989,1.0,0.988051567962,1.0,1.01162837828,1.02364431895,1.02856710033,1.0
20150319,0.977345128329,1.0,0.996447249947,1.0,1.01922127627,1.01925023498,1.052398378,1.0
20150320,0.977919708261,1.0,1.00157112419,1.0,1.02294327677,1.01950396959,1.05438010269,1.0
20150323,0.983917318619,1.0,0.9868315261,1.0,1.02506092194,1.01864207685,1.04827224836,1.0
20150324,0.98426704865,1.0,0.986551624556,1.0,1.02668341469,1.04016319577,1.03516152729,1.0
20150325,0.984264280235,1.0,0.997422930294,1.0,1.02215939978,1.03850827812,1.04552506059,1.0
20150326,0.983724072313,1.0,0.998846262214,1.0,1.02845518382,1.03529509878,1.03448383675,1.0
20150327,0.979022570677,1.0,1.01640537472,1.0,1.02600621781,1.04644563832,1.04724222905,1.0
20150330,0.979022570677,1.0,1.00688491506,1.0,1.01999722962,1.05307417787,1.03418688544,1.0
20150331,0.979329619747,1.0,1.01000619012,1.0,1.02308369903,1.05128118671,1.02741637004,1.0
20150401,0.975583097289,1.0,1.01583613995,1.0,1.05006469982,1.04734308187,1.0226032535,1.0
20150402,0.970932925369,1.0,1.01488992471,1.0,1.04681781679,1.04654781684,1.0244181377,1.0
20150403,0.976002597834,1.0,1.00919451273,1.0,1.04121807024,1.05175901827,1.02040733128,1.0
20150407,0.975980941024,1.0,1.00764146287,1.0,1.04055849597,1.05197981407,1.01987882504,1.0
20150408,0.976809978326,1.0,1.00725447232,1.0,1.02693779402,1.06427949398,1.01226337645,1.0
20150409,0.977868391776,1.0,1.00702047742,1.0,1.0409620994,1.0678604046,1.02216865624,1.0
20150410,0.975601430357,1.0,1.00311352619,1.0,1.04219063958,1.07706058392,1.0374267804,1.0
20150413,0.974398265095,1.0,1.01653223824,1.0,1.04552142994,1.06576398363,1.03833070442,1.0
20150414,0.969681350693,1.0,1.01912190137,1.0,1.04041478503,1.06315553107,1.06086445569,1.0
20150415,0.970935722106,1.0,1.01131383654,1.0,1.03871845195,1.06176203343,1.03480223929,1.0
20150416,0.9772143432,1.0,1.04204713972,1.0,1.04539476654,1.05073952155,1.06580061359,1.0
20150417,0.980249463973,1.0,1.04798465602,1.0,1.04358183694,1.05150478803,1.05160816191,1.0
20150420,0.977882543246,1.0,1.03915806846,1.0,1.03586190982,1.04848653113,1.04116525741,1.0
20150421,0.978074465944,1.0,1.0382342105,1.0,1.02822961908,1.04739889743,1.06508366075,1.0
20150422,0.977633606221,1.0,1.02583142603,1.0,1.03482982522,1.0629661484,1.06970200178,1.0
20150423,0.990914187038,1.0,1.01756302319,1.0,1.03683984377,1.08484744294,1.06431863083,1.0
20150424,0.995587388906,1.0,1.0019941353,1.0,1.04843940071,1.08186099938,1.07351584448,1.0
20150427,0.992574036937,1.0,1.0035203711,1.0,1.05487978315,1.08186221706,1.08637641491,1.0
20150428,0.996120845111,1.0,1.02145286753,1.0,1.05208719319,1.08179306562,1.09736663204,1.0
20150429,0.99782242181,1.0,1.02291015547,1.0,1.05870675372,1.0806174494,1.09997924167,1.0
20150430,0.995777077831,1.0,1.02549233277,1.0,1.06389622809,1.08401819832,1.10571801221,1.0
20150504,1.00388818757,1.0,1.02743199822,1.0,1.06670317437,1.08679380652,1.10662291084,1.0
20150505,1.00740646051,1.0,1.02459713627,1.0,1.06680537345,1.0982853814,1.10896659048,1.0
20150506,1.00422705798,1.0,1.02662424103,1.0,1.0628339061,1.08956660739,1.12189766386,1.0
20150507,1.0131898673,1.0,1.03682304373,1.0,1.05952995193,1.08876506698,1.14142021891,1.0
20150508,1.0123722895,1.0,1.02893011552,1.0,1.06700852741,1.08849278176,1.12497637308,1.0
20150511,1.01300544938,1.0,1.02180939612,1.0,1.06684587281,1.09359509888,1.12869727877,1.0
20150512,1.00658157719,1.0,1.01801536826,1.0,1.08472853496,1.09661266018,1.13191233307,1.0
20150513,1.0027974201,1.0,1.01133347902,1.0,1.0819840566,1.09984174556,1.13118080267,1.0
20150514,1.00150003751,1.0,1.01034400745,1.0,1.09946263816,1.11041773368,1.13002166961,1.0
20150515,1.00210824964,1.0,1.00907760418,1.0,1.09378075553,1.1082508369,1.12239682137,1.0
20150518,1.00237748915,1.0,1.00252090432,1.0,1.09693774917,1.11045112433,1.11728370861,1.0
20150519,1.00370653411,1.0,1.01894283415,1.0,1.10699864931,1.1084149352,1.11919577771,1.0
20150520,1.00480009018,1.0,1.00657313862,1.0,1.10659674192,1.12825945018,1.12971483961,1.0
20150521,1.00393858837,1.0,0.998290443734,1.0,1.10540784417,1.13386808329,1.13228402991,1.0
20150522,1.00689796253,1.0,0.9950634119,1.0,1.1056873879,1.13004392828,1.12235771019,1.0
20150525,1.00620510829,1.0,0.999179927615,1.0,1.11476725226,1.13486798532,1.12813309446,1.0
20150526,1.00438321316,1.0,0.988701120865,1.0,1.11012149289,1.17093250989,1.1394801576,1.0
20150527,1.00484606281,1.0,0.990496071928,1.0,1.10957511885,1.17605931656,1.12968838798,1.0
20150528,1.00455823582,1.0,0.98646517928,1.0,1.11126752644,1.17502329016,1.13461787527,1.0
20150529,1.0034864284,1.0,0.994327705136,1.0,1.10580318566,1.18024430552,1.13334847562,1.0
20150601,1.00366823165,1.0,0.993846021909,1.0,1.11333521675,1.17744309829,1.11591851629,1.0
20150602,1.00416231881,1.0,0.992361882869,1.0,1.1272251796,1.18372596044,1.12088323763,1.0
20150603,1.0029436303,1.0,0.990578603264,1.0,1.12345914121,1.18998577954,1.12050259538,1.0
20150604,1.0003642995,1.0,0.989512436495,1.0,1.12442521517,1.1961421876,1.12955425907,1.0
20150605,0.999068785947,1.0,0.989966103785,1.0,1.123528654,1.18875957296,1.13291343804,1.0
20150608,0.998364511274,1.0,0.98839707116,1.0,1.12027421665,1.18919614281,1.1256448711,1.0
20150609,0.998364511274,1.0,0.985305372182,1.0,1.11971935315,1.19227683166,1.12552372301,1.0
20150610,0.998380773596,1.0,0.980594330436,1.0,1.12040484905,1.19035083816,1.11359089077,1.0
20150611,1.01039656369,1.0,0.979757524435,1.0,1.11697811802,1.19002342339,1.11623102363,1.0
20150612,1.01039656369,1.0,0.979719791394,1.0,1.12793554185,1.18036467174,1.12038387962,1.0
20150615,1.00851932757,1.0,0.975516529261,1.0,1.12752130376,1.19718681869,1.11608177278,1.0
20150616,1.00843093025,1.0,0.974259900159,1.0,1.13107654746,1.20015449246,1.12455888207,1.0
20150617,1.00824379135,1.0,0.964188958634,1.0,1.10298004573,1.19459652349,1.12244561174,1.0
20150618,1.00885921454,1.0,0.973364821565,1.0,1.10990713793,1.18988966827,1.13829022536,1.0
20150619,1.00544233947,1.0,0.972627667528,1.0,1.1095195262,1.18744527909,1.13476863138,1.0
20150623,1.00463844617,1.0,0.980966525908,1.0,1.10667713467,1.18426970266,1.13335519271,1.0
20150624,1.00463844617,1.0,0.98888193042,1.0,1.10233866732,1.18504982678,1.14044672288,1.0
20150625,1.00678754328,1.0,0.985174418473,1.0,1.10263728694,1.19027307145,1.14013974956,1.0
20150626,1.0071512385,1.0,0.986411390013,1.0,1.1038523625,1.19257973799,1.14028897512,1.0
20150629,1.00502760406,1.0,0.982358601964,1.0,1.09609704986,1.20300884859,1.14315313936,1.0
20150630,1.00502760406,1.0,0.989997349292,1.0,1.09300677779,1.20236429274,1.1614934367,1.0
20150701,1.00914837452,0.998366450793,0.989292470959,1.0,1.14383082798,1.19385187045,1.15663515121,1.0
20150702,1.0091712638,0.998492344151,0.990890638125,1.0,1.14758859892,1.19468203257,1.15665863954,1.0
20150703,1.00901119775,0.99902095696,0.99531249281,0.999916869574,1.12348590081,1.19117538713,1.1650305224,1.0
20150706,1.01304530818,0.989623810816,0.980641988124,0.99156631893,1.13841727653,1.20865487348,1.16529977356,1.0
20150707,1.00927930505,0.998169748558,0.984907819277,0.984454461239,1.20065956657,1.20283135845,1.1670312797,1.0
20150708,1.02975850061,0.971925759618,0.977783722986,1.00970347506,1.20194888689,1.196106839,1.15057298496,1.0
20150709,1.04851245601,1.03821554296,0.976794731437,1.0489864415,1.25745298393,1.25666837171,1.13785136527,1.0
20150710,1.04732228824,1.03628869227,0.991502714659,1.05232080096,1.26388416249,1.25224262528,1.1261718082,1.0
20150713,1.04798561443,1.03584325826,0.991106436057,1.05631332922,1.27002779231,1.24571574038,1.12673824675,1.0
20150714,1.04884839871,1.03503295706,0.988153727382,1.0526592891,1.28257650548,1.24171254041,1.12097727511,1.0
20150715,1.04853628057,1.02896549982,0.977263001473,1.05694242957,1.27030081628,1.24585163907,1.11748362756,1.0
20150716,1.04835226848,1.02529683584,0.980920936912,1.05708173793,1.30114046397,1.23934472591,1.12771627773,1.0
20150717,1.04835226848,1.02526779425,0.97250656672,1.06398496002,1.33852338402,1.25483655779,1.1327317392,1.0
20150720,1.04351473813,1.03299974058,0.980032834416,1.06650608523,1.32195952853,1.24811229461,1.14440735829,1.0
20150721,1.04096190664,1.02965862853,0.985134010455,1.06099119879,1.33084957535,1.24872177266,1.13252190255,1.0
20150722,1.04096190664,1.0295505855,0.981321884714,1.05574628722,1.33581450452,1.24367627856,1.12752829635,1.0
20150723,1.04038609,1.02584314901,0.98227339767,1.05847259761,1.32447902499,1.24879991788,1.12269490351,1.0
20150724,1.03950741206,1.03094300299,0.988352623714,1.05538286374,1.33481403346,1.24378144027,1.11456882091,1.0
20150727,1.03713885929,1.03954787829,0.980251938115,1.05529174955,1.32474004334,1.23588050604,1.09632273529,1.0
20150728,1.0367538078,1.03720036123,0.983602561468,1.05529174955,1.32659513466,1.24147797358,1.08442850941,1.0
20150729,1.03886862164,1.03216117311,0.98916036242,1.0554665459,1.33473351674,1.24264879209,1.08073024695,1.0
20150730,1.03819229011,1.03223579135,1.00715549293,1.0539093094,1.34300743853,1.2618906072,1.08500591105,1.0
20150731,1.0427520668,1.03397727785,1.00309569748,1.05194545757,1.34645604098,1.26070025779,1.0934669689,1.0
20150803,1.04248494547,1.02243390642,1.04933495734,1.05519083095,1.35320777663,1.27695336739,1.11109479908,1.0
20150804,1.03761918483,1.01606564901,1.04407137724,1.05549218893,1.36591052015,1.28190712859,1.10373232061,1.0
20150805,1.03761918483,1.01620690601,1.03505917799,1.05367100923,1.36151049541,1.28615891848,1.12702608723,1.0
20150806,1.03178535151,1.01669877758,1.05031187631,1.05367100923,1.35519092183,1.29635608886,1.13821266641,1.0
20150807,1.03243317251,1.0170154932,1.05350863854,1.05365061073,1.35373861323,1.28533582759,1.1247293775,1.0
20150810,1.03043183192,1.01111147168,1.06016531569,1.05487723871,1.38034765933,1.2718166563,1.11628393493,1.0
20150811,1.03055616129,1.00958884371,1.04529448916,1.05410934681,1.35456784172,1.29583201931,1.10024775418,1.0
20150812,1.02880897558,1.00656469971,1.04107261863,1.04883861323,1.34259172679,1.28749549783,1.0979038284,1.0
20150813,1.03700083432,1.00188122541,1.05870150191,1.05098140019,1.31916915001,1.31070133867,1.10756982729,1.0
20150814,1.04240426591,1.00201978455,1.05358964396,1.05117426253,1.3152412092,1.29847715039,1.11593576872,1.0
20150817,1.04376564658,1.00861344919,1.05598475559,1.0502204727,1.31017200636,1.29229808201,1.11015549762,1.0
20150818,1.04369026002,1.00632326512,1.04804231689,1.0502204727,1.31503969246,1.29351617057,1.10444587768,1.0
20150819,1.03391802604,1.00787058015,1.04698754635,1.04983755227,1.3173707197,1.27771190374,1.10108687001,1.0
20150820,1.03913239376,1.00593168124,1.0570282268,1.04765985914,1.33076045389,1.27426428226,1.08905786539,1.0
20150821,1.03025264915,0.997184672997,1.05028847274,1.04491799609,1.32288958987,1.26968117513,1.09080446096,1.0
20150824,1.03601707335,1.02281956052,1.03216737587,1.04769547226,1.36997499917,1.30249554013,1.06338546519,1.0
20150825,1.03537031793,1.0302820619,1.04107874336,1.04576496209,1.39039742511,1.29942382305,1.04863715266,1.0
20150826,1.03597459893,1.03043135151,1.01922149999,1.0464164133,1.4008364979,1.30328710067,1.05875740875,1.0
20150827,1.03597459893,1.0357157841,1.02905868454,1.05245597917,1.41703189954,1.31439983471,1.09823928944,1.0
20150828,1.03318795827,1.02386575596,1.00625134518,1.05033635923,1.42021145421,1.30247544068,1.08283082843,1.0
20150831,1.03446920307,1.02537866998,1.01381971091,1.05096716758,1.39666632643,1.29840838436,1.07711664118,1.0
20150901,1.03446920307,1.018389158,1.01325268225,1.05137426251,1.38518226687,1.29049773801,1.06096688353,1.0
20150902,1.03446920307,1.01785575328,1.00929511434,1.04861000827,1.3745992831,1.2766579139,1.05578867046,1.0
20150907,1.03430924013,1.02985330655,0.994257399698,1.04861000827,1.40924051753,1.276954368,1.06555785476,1.0
20150908,1.03430924013,1.03074611945,0.990806176012,1.04861000827,1.40175292291,1.28267709604,1.05898851826,1.0
20150909,1.03278342068,1.0289730909,0.984444112107,1.04907324638,1.3917608086,1.27892390677,1.05305595704,1.0
20150910,1.0313907203,1.02626804714,0.98030776167,1.04862435876,1.39051990622,1.31903131411,1.04790207473,1.0
20150911,1.03242610325,1.03476283698,0.976141166513,1.04841900942,1.39947090781,1.31636428559,1.06210131602,1.0
20150914,1.03242610325,1.03139488133,0.98563931208,1.04852282161,1.39083263067,1.31789029679,1.06950841793,1.0
20150915,1.02961042916,1.03058004029,0.985087142899,1.06027249717,1.38962029156,1.30858634866,1.08151100166,1.0
20150916,1.02961042916,1.02927818029,0.979502465778,1.06142447704,1.38385477891,1.30700151907,1.08599118708,1.0
20150917,1.0303125879,1.02887666451,0.971606987964,1.06142447704,1.38791263908,1.30373911209,1.09010718174,1.0
20150918,1.0303125879,1.02692450646,0.965433648383,1.06132586099,1.39443794265,1.31258694978,1.08686563667,1.0
20150921,1.0321926112,1.02203917116,0.969301963319,1.06329603562,1.39542086668,1.32457511182,1.09596455625,1.0
20150922,1.0321926112,1.0152811731,0.961714304088,1.06422246393,1.39369287001,1.3226436089,1.09412655638,1.0
20150923,1.03323121989,1.01545717132,0.956558660586,1.06422246393,1.39794417266,1.31029202191,1.10185135319,1.0
20150924,1.03323121989,1.01678901677,0.9575032603,1.06265752979,1.40474430645,1.30655711465,1.09460828167,1.0
20150925,1.03839442495,1.01486554304,0.953839888642,1.06025938697,1.41501954838,1.30548916584,1.08367187301,1.0
20150928,1.04514644241,1.01486554304,0.952545830539,1.06025938697,1.42544511778,1.30324282143,1.08284258076,1.0
20150929,1.04514644241,1.01278097811,0.930468364655,1.05947429393,1.41183507269,1.31608908094,1.0848400818,1.0
20150930,1.04616945257,1.01089160462,0.92951781835,1.05934015317,1.41615758934,1.33379254879,1.08751512397,1.0
20151008,1.05089198872,0.996526350247,0.926653233392,1.0627428181,1.41351123474,1.3459018127,1.08292269841,1.0
20151009,1.04785816315,0.994826931723,0.941757365052,1.06578492019,1.40009228517,1.3490251743,1.10049556651,1.0
20151012,1.04785495584,0.994532840681,0.938556039953,1.06748841728,1.38781467303,1.36018941827,1.09932743243,1.0
20151013,1.04569246354,0.991613802068,0.938255482779,1.06785484819,1.39003640711,1.35918917594,1.08771640127,1.0
20151014,1.04536854092,0.990367816422,0.937124750632,1.06785484819,1.39164865534,1.35839783402,1.08656222287,1.0
20151015,1.05085479063,0.991272587829,0.93634961309,1.07022171638,1.39122795185,1.35549758558,1.08524044875,1.0
20151016,1.05085479063,0.990289766143,0.940325927905,1.06799324499,1.38678467715,1.37236998121,1.08506152483,1.0
20151019,1.05220205938,0.9889939622,0.94135579772,1.06855089188,1.37913303282,1.36392467615,1.09090535697,1.0
20151020,1.05220205938,0.987255499695,0.93965460489,1.06644741391,1.39049340569,1.36105379518,1.09283021164,1.0
20151021,1.05139759289,0.996039352252,0.940755285383,1.06629497603,1.38913724436,1.35103267973,1.09792493652,1.0
20151022,1.0428039494,0.995732428763,0.944810553887,1.07414772995,1.39586206219,1.34713059991,1.11349938159,1.0
20151023,1.04041853125,0.994846808232,0.95920755842,1.07414772995,1.40631774291,1.3462882769,1.11030270201,1.0
20151026,1.03978770856,0.994490899754,0.959540813824,1.07423018962,1.40260160744,1.34719660629,1.1158138559,1.0
20151027,1.03777805783,0.998968757129,0.954714385688,1.0752645843,1.40538624241,1.34587460991,1.13190246007,1.0
20151028,1.0371672682,0.998086245957,0.952685489897,1.0752645843,1.40270250979,1.34300706944,1.13825150469,1.00021511
20151029,1.03509680465,0.995304991588,0.955841287247,1.07419169688,1.40377374015,1.34995532449,1.12928642886,1.00021511
20151030,1.03729017508,0.99839575715,0.956201385248,1.07621310815,1.41240714152,1.3454211445,1.13002894953,1.00021511
20151102,1.03706003962,0.998714154089,0.971676990572,1.07621310815,1.40578237885,1.34823543079,1.14084684952,1.00021511
20151103,1.04218477848,1.00187173299,0.976001087446,1.07621310815,1.41199367041,1.34830869917,1.14966689809,1.00021511
20151104,1.0425704531,0.997422112004,0.984557264136,1.07616628153,1.41691316293,1.36008975122,1.1507032448,0.999134251786
20151105,1.04690522941,1.00707663321,0.99806980152,1.07391010657,1.41330932093,1.3721464607,1.15033334459,0.999134251786
20151106,1.04690522941,1.0046688085,0.992476537501,1.07347660934,1.41900568372,1.3615939743,1.14125096224,0.999134251786
20151109,1.05064001422,0.999926864426,0.987339243513,1.07373652182,1.41686940037,1.35412178028,1.143683375,0.999134251786
20151110,1.05116309195,0.995696601917,0.985261236066,1.07373652182,1.42960437278,1.35573757279,1.14483759551,0.999134251786
20151111,1.04983589571,0.996501954185,0.998496151464,1.07140984726,1.42769540921,1.3516943353,1.13773149114,1.00211726701
20151112,1.04983589571,0.990001523327,1.00245959424,1.06721438568,1.42423197771,1.35603774698,1.13556291263,1.00211726701
20151113,1.05270577487,0.989020420246,0.989564686029,1.0661686943,1.42682143343,1.3560817575,1.13572064916,1.00572916503
20151116,1.05140814211,0.989940841994,0.993284402646,1.0661779165,1.44138980028,1.33862726008,1.15502426138,1.0055449125
20151117,1.04503590733,0.980756461854,0.99598516545,1.06449745918,1.44078576798,1.33898478237,1.15270560505,1.0055449125
20151118,1.04479149236,0.979104041929,1.02556340177,1.06449745918,1.4208700955,1.35414464048,1.15014146167,1.00611184113
20151119,1.04368212323,0.969703390127,1.02154590217,1.06395650091,1.39916854091,1.35044081122,1.14635753226,1.01074837337
20151120,1.04088721364,0.963099645306,1.03208843904,1.06201381257,1.39766715028,1.3501815017,1.18125647221,1.00830028037
20151123,1.04215569117,0.957990650511,1.03171538156,1.06314113736,1.43768416265,1.33411596959,1.1948270997,1.00830028037
20151124,1.04215569117,0.943613838358,1.05829281855,1.06280222975,1.45244527625,1.32898792953,1.19618227157,1.00830028037
20151125,1.03931682864,0.942903111367,1.06504992124,1.06280222975,1.44148084298,1.32824484902,1.20604248801,1.00718580154
20151126,1.03235506485,0.946464064144,1.05616934575,1.05970328801,1.4463831161,1.32397006991,1.22022371699,0.996244246269
20151127,1.02833455365,0.938238647751,1.06461183647,1.05670609773,1.44955482424,1.32600016763,1.23327774761,0.995149202808
20151130,1.02811993747,0.932622183891,1.05223290356,1.05670609773,1.44684243909,1.31667228294,1.23058785626,0.985021504088
20151201,1.01561180206,0.931960879945,1.05100410034,1.05494472337,1.45957975141,1.32106021608,1.23052734145,0.982954851805
20151202,1.01591101244,0.923536272457,1.04987634236,1.04799136867,1.45273476376,1.31505539809,1.22609747077,0.980368627322
20151203,1.0178517058,0.923219699627,1.04289839742,1.04532499638,1.45946086807,1.31499783309,1.22630502409,0.980918537334
20151204,1.01510390629,0.932958909172,1.04352347908,1.04532499638,1.45948809626,1.33062384524,1.22580023085,0.971420701058
20151207,1.01510390629,0.934661806024,1.05089389507,1.04557165949,1.45476400523,1.34192573997,1.23521794674,0.981715591064
20151208,1.01499616448,0.928550319861,1.05333340355,1.05068224373,1.47871586836,1.34843544576,1.24357645022,0.985272482512
20151209,1.01470067086,0.921712591067,1.06497135555,1.04591581672,1.48469442551,1.34454844784,1.26433829324,0.985272482512
20151210,1.00497068402,0.918772263391,1.06156124673,1.04139331666,1.48766443931,1.34507637569,1.26752924135,0.982088322731
20151211,1.00115709801,0.92212728632,1.0560288978,1.04139331666,1.49173843026,1.37071937956,1.26269079332,0.980447514942
20151214,0.995784112928,0.916777908378,1.05345707449,1.04057469563,1.49486390689,1.36425608608,1.25825826617,0.977691868214
20151215,0.995784112928,0.914202626865,1.05670609422,1.03571802018,1.48624540464,1.35707915001,1.26674188536,0.977691868214
20151216,0.995250096621,0.913851367201,1.0538788714,1.03571802018,1.48454609573,1.35349812404,1.26603110497,0.979184612894
20151217,0.996062715704,0.914318461344,1.06391712415,1.03943892055,1.51011587517,1.35393422208,1.26460453442,0.977955297052
20151218,0.996045315428,0.917296096821,1.0636640406,1.03731168654,1.53864613432,1.35124821672,1.26875626544,0.976041864784
20151221,1.00199842209,0.910543806918,1.06265902726,1.03793597609,1.52859695209,1.34646235841,1.26183769238,0.984329865936
20151222,1.00365207671,0.910154288688,1.06389099249,1.03623380594,1.52736131701,1.34568588531,1.2597567564,0.984329865936
20151223,1.00365207671,0.909612723903,1.06321708895,1.03623380594,1.52614917847,1.33946895421,1.26599498858,0.986503595314
20151224,1.00235698914,0.910183474278,1.05670854981,1.03352029564,1.52488712571,1.33751649761,1.2674701039,0.986503595314
20151225,0.999214740755,0.91027292286,1.05567001092,1.03352029564,1.52106372234,1.34181735519,1.2694790662,1.00122309832
20151228,0.999214740755,0.901411958868,1.04713600148,1.03352029564,1.5257556076,1.34751761582,1.26830771139,1.00098695944
20151229,0.99736388495,0.905980918736,1.07605712385,1.04146742698,1.53494319956,1.35886895152,1.27272276752,1.00392185668
20151230,0.996921007983,0.905980918736,1.07280682847,1.04169377989,1.52267295185,1.35534792811,1.26416430766,1.00059655371
20151231,0.996333022284,0.900118474278,1.06407109944,1.04169377989,1.52462432731,1.35445746589,1.26304654129,1.00101385188
20160104,0.99275904119,0.902689365132,1.06998353888,1.03727488995,1.54467918033,1.36795022873,1.27139878447,0.997974655317
20160105,0.992909253011,0.905285056134,1.07749611393,1.03727488995,1.55448988477,1.3639500137,1.27447429399,0.99818138866
20160106,0.994453640156,0.904063464126,1.07618605009,1.03701396472,1.55987548389,1.3697200597,1.272443844,0.99818138866
20160107,0.994453640156,0.905628328245,1.07268290125,1.03762005175,1.56249998834,1.36721378617,1.26613476034,0.99828513221
20160108,0.994715929547,0.89605168819,1.06919691731,1.03762005175,1.56476851437,1.36474612053,1.2609713414,0.994568827419
20160111,0.994929335872,0.894351580396,1.09675745659,1.04162939896,1.57852901982,1.38068096396,1.2734717563,0.993514049123
20160112,0.994929335872,0.89120687984,1.0898042312,1.03959374937,1.57652400704,1.37485667351,1.29629563535,0.99080214348
20160113,0.994699637005,0.890292108163,1.09578521434,1.03959374937,1.5853222311,1.38004075203,1.28491318096,1.02581803992
20160114,0.994630432671,0.888287290295,1.10396863386,1.03822934967,1.60374016955,1.37701906883,1.28857598481,1.0249766255
20160115,0.987210623086,0.887146733117,1.10795636144,1.0378779431,1.60004061937,1.37394450862,1.28694030225,1.02933921578
20160118,0.988399927523,0.899083839908,1.13863114426,1.03772644791,1.64312420776,1.37307980042,1.28306992477,1.05977901753
20160119,0.988488024482,0.895455968425,1.12766246267,1.03772644791,1.64536408008,1.36822306233,1.28987259231,1.03890255664
20160120,0.987560348622,0.895428551203,1.13902040385,1.0471863273,1.6375046459,1.38214766097,1.30524273864,1.0470087378
20160121,0.986976427798,0.895013881896,1.14180691448,1.04604862631,1.6339983534,1.37288022544,1.30271529343,1.05544582442
20160122,0.98565461486,0.886846439728,1.14293700684,1.04685161591,1.63516245636,1.3685886904,1.28800053801,1.04559132682
20160125,0.985804717687,0.890681805091,1.138403804,1.04685161591,1.64719729193,1.37704301847,1.29021515162,1.04763560127
20160126,0.985804717687,0.887540137179,1.13929035419,1.0469059054,1.65011892058,1.36986534556,1.28456685132,1.04734456124
20160127,0.987314635425,0.887531132078,1.14375056274,1.04667860318,1.6431847228,1.36423947051,1.27993604629,1.04191324375
20160128,0.987314635425,0.890348622774,1.14089459522,1.04678341074,1.64270966092,1.35748021688,1.28642662033,1.03902538968
20160129,0.987795473782,0.889414458686,1.13013042125,1.04698271679,1.62009485774,1.3565742213,1.28752520491,1.03223025635
20160201,0.98697085038,0.8882362092,1.12892644569,1.04831928325,1.61819196863,1.34803931226,1.28735824477,1.03223025635
20160202,0.98697085038,0.887762048708,1.11454571493,1.04831928325,1.6221050856,1.34985700917,1.28687686299,1.02933511444
20160203,0.996424290725,0.886289629039,1.10868245762,1.04831928325,1.62143274063,1.34800178735,1.28920851484,1.02686411533
20160204,0.995814079796,0.890499165255,1.11542629924,1.04831928325,1.60851795245,1.33714947913,1.30585785222,1.02944607742
20160205,0.993049114507,0.89023139369,1.11709923153,1.04879815909,1.6150399979,1.334697419,1.30178094197,1.0321160937
20160215,0.993049114507,0.890081209429,1.13267991477,1.04839222991,1.60959055578,1.34107787932,1.3085121927,1.03010669989
20160216,0.995196147926,0.890393750147,1.13100736453,1.04762144612,1.61098937514,1.32917617424,1.31051148957,1.02996325132
20160217,0.994766008265,0.890393750147,1.1249990108,1.04761941491,1.61430599427,1.34046893811,1.30622988746,1.04935640588
20160218,0.994766008265,0.888170487137,1.11745784235,1.04645533711,1.61205622121,1.34098010715,1.30461284167,1.05460695341
20160219,0.996791610526,0.884977425803,1.11010747924,1.04645533711,1.6072559755,1.33530276271,1.30581526563,1.05536521914
20160222,0.996791610526,0.883302931166,1.11199566442,1.04924701568,1.60741500816,1.33501935728,1.30846174543,1.04813729877
20160223,0.993600609421,0.884426355656,1.10856042576,1.04930021426,1.60956994756,1.33165193418,1.30865723209,1.04941698041
20160224,0.99678040495,0.885009027835,1.10729802977,1.04918323011,1.62227675803,1.32330153854,1.30512477174,1.04504610314
20160225,0.994646502756,0.881218797147,1.10566516172,1.04918323011,1.61724938688,1.32323256142,1.314576243,1.04077812787
20160226,0.993607239222,0.87942517909,1.10864078187,1.04829850278,1.61713328659,1.32184829472,1.31889343931,1.05341376032
20160229,0.992976634651,0.878630764181,1.09829060479,1.04869352462,1.59419678232,1.33517175373,1.31315628232,1.04893366398
20160301,0.994280273689,0.888000019922,1.11424262117,1.04869352462,1.59800327588,1.33998398765,1.29763305437,1.0478216698
20160302,0.990583121317,0.887409628818,1.10030006039,1.04889397799,1.58786176229,1.33661577811,1.29749410407,1.04762365463
20160303,0.991629339781,0.888909211238,1.12107022348,1.04902213398,1.58440794642,1.32730057104,1.28350309602,1.04760513641
20160304,0.985669206543,0.88722171472,1.14374706253,1.04902213398,1.57755818727,1.32854537005,1.27983231987,1.04124463762
20160307,0.985658780043,0.902272668042,1.16535657043,1.047740013,1.55714754754,1.32282121933,1.30942069309,1.02478954452
20160308,0.988273737173,0.845305065783,1.18459385699,1.04182462753,1.59743351957,1.315416318,1.32231736017,0.958555096763
20160309,0.982213881469,0.838009918454,1.2140977547,1.04148313796,1.58793717908,1.31868026484,1.32292826452,0.964363069243
20160310,0.98009753621,0.825432425973,1.24246009273,1.04148313796,1.60400824851,1.32778221702,1.32934402879,0.945586636665
20160311,0.980159306472,0.824254744744,1.24007862582,1.04923748843,1.59750700648,1.31468811575,1.32853334255,0.956564838044
20160314,0.984177984684,0.819471124027,1.25494481959,1.04604660662,1.59410259272,1.31705888685,1.31029757976,0.91802635317
20160315,0.981270013674,0.81991894751,1.25804210254,1.04538312782,1.60529582946,1.31591475567,1.31461258781,0.918658849498
20160316,0.979593677229,0.818484445731,1.2618244202,1.04573637189,1.59598902465,1.31545024376,1.32457320056,0.921552762207
20160317,0.98252496832,0.818967442549,1.24694176325,1.05091273096,1.60718856961,1.32439710864,1.32177408164,0.917608252552
20160318,0.984018958625,0.820447413005,1.23621544049,1.05066101334,1.61941794462,1.3182455785,1.31811709685,0.898556149804
20160321,0.975668703076,0.827729318427,1.22930076747,1.04202003617,1.60963863672,1.31921143205,1.33484801986,0.913954077491
20160322,0.98654062967,0.819155489587,1.2534629404,1.03937733059,1.61289114804,1.31358895052,1.32900759816,0.911916445281
20160323,0.994232966307,0.818538192006,1.24413259545,1.03973122241,1.60686439743,1.31615947576,1.32133660752,0.897866097886
20160324,1.00221959452,0.822381421577,1.27167660513,1.0391097179,1.64386825219,1.31370503876,1.34227854232,0.908078301105
20160325,1.00299675902,0.822381421577,1.26467665266,1.03748368802,1.64559083244,1.31595202377,1.35921454532,0.90473461825
20160328,1.00782142139,0.817490734312,1.2533049561,1.03377731145,1.6196168813,1.31920606611,1.34120696776,0.910750751323
20160329,1.01324038711,0.815857134775,1.25163610665,1.02731254351,1.60691506644,1.31480756697,1.33896641245,0.9136818975
20160330,1.01308035301,0.816763565498,1.25275388133,1.03529197966,1.59963315102,1.31573744464,1.33620446676,0.920226005682
20160331,1.02504045289,0.81460917562,1.27356548052,1.03624848574,1.61094759185,1.31671511411,1.33251585728,0.920042237489
20160401,1.02268627052,0.809898246796,1.27350937421,1.03726006684,1.61464437577,1.32530279753,1.33031298604,0.918760488818
20160405,1.02315926096,0.807395223812,1.26950576102,1.03726006684,1.61752128856,1.32741171462,1.33438430797,0.918241735291
20160406,1.01844780179,0.804126288265,1.27059286764,1.03726006684,1.62925882233,1.33204081016,1.33628223296,0.908531058347
20160407,1.01712442947,0.803291577744,1.26933789907,1.04274365788,1.63194147598,1.33157082605,1.32964289392,0.902690211567
20160408,1.01676658086,0.801234392414,1.26462139818,1.04274365788,1.63209183471,1.3398214663,1.32248845466,0.900904760258
20160411,1.03089555032,0.792930774766,1.25052123652,1.03622104948,1.64897303743,1.3378737917,1.3154536431,0.89475034593
20160412,1.0268444675,0.788105895537,1.25125212347,1.03487520177,1.65339033837,1.33254083439,1.31313295465,0.89402347409
20160413,1.04311370262,0.776082269499,1.24492589796,1.0381496219,1.63391195525,1.33065490745,1.31893434222,0.886341237779
20160414,1.04062416324,0.773221766208,1.22597188234,1.03391526081,1.63916686698,1.33615810564,1.34337762977,0.888140906737
20160415,1.03024931835,0.771132210692,1.24787091703,1.03295920204,1.63332349768,1.33294376177,1.36711132789,0.936894353631
20160418,1.07529228443,0.764211218481,1.24897717544,1.02474413271,1.63643437651,1.33091530712,1.36748785155,0.960937794413
20160419,1.07497913212,0.766684168399,1.22885395307,1.02389109308,1.63519794733,1.33885690558,1.35771083711,0.968108085515
20160420,1.05151309714,0.756035624507,1.20506674007,1.03152438635,1.66533171633,1.3358808084,1.35460898455,0.972728711907
20160421,0.994769937801,0.756391031841,1.22641639291,1.03833438095,1.65170538022,1.32533351608,1.38768106391,0.949879459202
20160422,1.00780559849,0.780898457389,1.24330442308,1.05688665933,1.74119726169,1.3467120506,1.38495274314,0.976487431125
20160425,0.978177472962,0.777599853183,1.24239411785,1.04945320408,1.70993105705,1.34618151484,1.40699576494,0.957979377577
20160426,0.96106871228,0.785360350291,1.23902402732,1.04934310004,1.73003487291,1.34137178312,1.40838727001,0.952451804095
20160427,0.953337297223,0.770217701205,1.23011879229,1.04858899795,1.72213453564,1.33718770144,1.38765160678,0.939001608632
20160428,0.947962149717,0.763308080799,1.2445038791,1.04017341854,1.71097421563,1.335585796,1.40838210431,0.939976337374
20160429,0.948190513547,0.759975221261,1.24976634308,1.03592317993,1.68576774966,1.33247335335,1.40064110384,0.932937800183
20160503,0.938953842827,0.758854694942,1.25391608314,1.0463109884,1.70509646435,1.33355001405,1.3997530023,0.923147326411
20160504,0.933432132408,0.757853433232,1.25102856878,1.05132734532,1.72819544204,1.32936745806,1.39432774834,0.920662360994
20160505,0.931753932469,0.759278804547,1.26738606013,1.05783597119,1.74152421198,1.32769085908,1.41448119422,0.9218718137
20160506,0.957675677088,0.760070921039,1.28294360266,1.07546850893,1.78425796608,1.34113089979,1.38812554951,0.909021969502
20160509,0.952786356698,0.765156586804,1.27189035538,1.08423667993,1.75925265127,1.33476379868,1.36714707795,0.919573836633
20160510,0.950241890702,0.768731479171,1.2924365732,1.09051742298,1.71592041934,1.3321148431,1.36306381444,0.927237370113
20160511,0.949725786339,0.769925811909,1.28743088256,1.10134260882,1.66467397717,1.33042571566,1.36298545354,0.923102410918
20160512,0.962688522688,0.762765124451,1.28705328808,1.0936141376,1.64577965095,1.3199324296,1.36227673839,0.925357339343
20160513,0.982429910093,0.772129329791,1.31468478752,1.11925136561,1.65706674151,1.32605366077,1.37158388827,0.949063146119
20160516,0.983897526019,0.785986068311,1.32050338022,1.12352767191,1.6775308905,1.32498198632,1.37140538603,0.947833337687
20160517,0.979618094079,0.787952942309,1.31792003666,1.12869413683,1.65852407292,1.32300155178,1.37449041636,0.977174993445
20160518,0.970745052967,0.790894375343,1.31905925518,1.14633784406,1.6074520271,1.31974550249,1.38475030727,0.978046519208
20160519,0.966600872763,0.783774926323,1.29710651429,1.14201843686,1.603607466,1.31286601072,1.3719036327,0.962534450106
20160520,0.961019115576,0.791397858343,1.29955844382,1.14197858701,1.58375533899,1.3156784191,1.37400219377,0.962904970515
20160523,0.947620426744,0.815346989116,1.30376639464,1.17432781028,1.62684094953,1.32102779448,1.38875106279,0.950707510936
20160524,0.949899956381,0.808308463106,1.30008367291,1.17684788451,1.60172684827,1.32198809472,1.38555050573,0.952213590234
20160525,0.940365123592,0.806604193354,1.28764923871,1.17559210288,1.59883690827,1.3189441251,1.39123992067,0.94197632506
20160526,0.961252015715,0.808546509135,1.29038989332,1.17822410275,1.58843853476,1.31883148865,1.3922443645,0.945361683805
20160527,0.961727754188,0.80845415701,1.28279976426,1.18188655388,1.6123120716,1.32065561185,1.38174232603,0.942364441689
20160530,0.970946978792,0.828628296802,1.27946152804,1.18856967348,1.65399705532,1.32893353069,1.38345266052,0.957349808661
20160531,0.997360280253,0.828628296802,1.26910914238,1.20685046391,1.65632926401,1.33192711712,1.38383561771,0.95206292449
20160601,0.996379646303,0.823414828477,1.27313368511,1.20713693829,1.65725272667,1.32564270493,1.38572395295,0.949189473371
20160602,0.991579463932,0.808073859818,1.28195595353,1.21080498251,1.72581655116,1.32346500034,1.3862234249,0.952908817136
20160603,0.99208296127,0.80164793748,1.27901181851,1.19101931579,1.69810225042,1.33140910511,1.36324502293,0.950081370522
20160606,0.99601682774,0.792858703226,1.28419892857,1.1900151626,1.68712635452,1.32017219159,1.3574279104,0.946459409518
20160607,0.991455189491,0.786027066806,1.29145320805,1.20333555418,1.67598220892,1.31680602422,1.36869812813,0.946074072917
20160608,0.993652074853,0.783324606145,1.28759471493,1.20162811717,1.67476784535,1.31790843289,1.36752428293,0.941089431146
20160613,0.98307086829,0.775868117758,1.27882462196,1.20675725639,1.6758160781,1.29645775279,1.3646087014,0.941566160123
20160614,0.987868081496,0.779398238731,1.26974369823,1.20160344972,1.68735949796,1.29660676192,1.37282560404,0.959657602859
20160615,0.983235232258,0.778375984374,1.27180041804,1.20122802245,1.67035748157,1.29919254472,1.35959591813,0.95943159029
20160616,0.987371028002,0.782614013401,1.26737058559,1.19755727667,1.71715962499,1.29526842321,1.35715736245,0.956599406585
20160617,0.99497699577,0.782587499025,1.27128838535,1.18529591903,1.71330383529,1.30610995722,1.34473746659,0.958880221758
20160620,0.994926217319,0.779321287394,1.26554264561,1.18557717551,1.69805836514,1.29224448501,1.32278575836,0.958172979277
20160621,1.01690775349,0.780930263445,1.27689014248,1.19896044915,1.68063278365,1.29245012584,1.31878319963,0.96286548522
20160622,1.02741174648,0.780018060234,1.28798138601,1.20806755998,1.69788658303,1.29240296149,1.32726496912,0.961328934822
20160623,1.02004028979,0.778826635125,1.29073479161,1.21409137532,1.71239153523,1.2907944487,1.33369814085,0.961995187137
20160624,1.01484079261,0.782817751948,1.27135285367,1.20887000098,1.69126848824,1.28497505752,1.33228572023,0.961995187137
20160627,1.00810104476,0.780520977073,1.29584173646,1.22366813372,1.72530987115,1.29291907364,1.31753936091,0.95500450068
20160628,0.991566282308,0.776698232964,1.28559641652,1.2158731685,1.70814937482,1.27670165118,1.31411458893,0.958202031245
20160629,0.974828942144,0.768613549542,1.28559641652,1.21519210416,1.70514031366,1.28126936708,1.30225774278,0.964236946382
20160630,0.974927961008,0.786766197401,1.27591651044,1.21893823172,1.73277729564,1.31596829867,1.28925453432,0.96744853805
20160701,0.966531011023,0.780524689154,1.2711095763,1.20923022039,1.7079983145,1.31893060487,1.29199937069,0.974171739756
20160704,1.00356963997,0.772357392361,1.28407073009,1.21045625858,1.71031840993,1.332851621,1.31034161112,0.988472593208
20160705,1.06542721554,0.770107479818,1.30807000952,1.22236267953,1.75782635905,1.32947429167,1.33620322979,0.997721368959
20160706,1.03620342186,0.75424341515,1.27592947631,1.18628660627,1.69854809221,1.32622650641,1.30789897364,0.989154108415
20160707,1.03852931332,0.754639188401,1.28404793053,1.18362431597,1.7552895241,1.32501744443,1.31493950016,0.993637040814
20160708,1.06703030537,0.773861366694,1.31890659033,1.18405442752,1.72850129837,1.34167562526,1.33740983802,0.993010118115
20160711,1.10898002547,0.775378687278,1.31960048191,1.1852974784,1.72007480356,1.34481348685,1.33944893206,0.985840793634
20160712,1.08052890839,0.787188409532,1.31103681442,1.19331063148,1.70076316162,1.33845525015,1.33124228641,1.00779225275
20160713,1.06792520109,0.790704219728,1.28996434866,1.21683865204,1.75673365051,1.32800192403,1.33141744075,1.00343320972
20160714,1.05884521696,0.781020222699,1.28461094724,1.20982681291,1.76217498378,1.34606682173,1.32955144251,1.00406227439
20160715,1.05670508217,0.771629889743,1.31100138902,1.21082003719,1.81592106465,1.33938149588,1.33586440715,1.00120525307
20160718,1.06787803826,0.792753460845,1.29692503063,1.20295539835,1.79054566568,1.33392501306,1.35116772239,1.00447929236
20160719,1.06932775018,0.795171688989,1.29527413197,1.20168878968,1.76715833746,1.33553924561,1.35529944399,1.00248394646
20160720,1.06569228505,0.789659678453,1.29768777344,1.20833411343,1.75361744305,1.33891135382,1.35617289115,1.00095459437
20160721,1.08627059291,0.785237502431,1.31857813653,1.20578768367,1.77929812115,1.34797722911,1.38440300653,1.00404509244
20160722,1.10823746054,0.78903165102,1.34245086122,1.19590031377,1.83200652523,1.36515925578,1.38918345997,1.01251681821
20160725,1.11054949158,0.802979796041,1.33149189991,1.19315853661,1.82520742886,1.3729152954,1.38448166268,1.01111626879
20160726,1.1102049628,0.798857549779,1.3371704837,1.18635091019,1.82625285789,1.37684028653,1.37199466513,1.01111626879
20160727,1.10906485719,0.80025118042,1.35403907601,1.18354093337,1.82693548223,1.37595997025,1.37179319334,1.0122438479
20160728,1.09698510211,0.795239523031,1.35224830981,1.18413739827,1.83269967128,1.37567865866,1.36735231096,1.00043840836
20160729,1.07514687641,0.796731462203,1.36309260356,1.17826718787,1.82380499324,1.37549074228,1.38893541673,0.994184595316
20160801,1.08184077139,0.825031648595,1.39291217574,1.18426289911,1.82050032173,1.37516062966,1.39417694124,1.04075412993
20160802,1.07979792833,0.819604233225,1.38507233728,1.17836366367,1.81478629958,1.37769590153,1.39320170718,1.04062999738
20160803,1.06891666232,0.818805573868,1.39894867518,1.17559892026,1.8055110753,1.38610168581,1.4003961707,1.02400035659
20160804,1.07421436836,0.814299460762,1.38603957161,1.17317246894,1.82485016696,1.38616083797,1.3980745924,1.021663358
20160805,1.0791090318,0.812516773456,1.38764307195,1.16686828305,1.86314012795,1.38728471304,1.40140343601,1.01892466162
20160808,1.10402912613,0.810091952041,1.38446051697,1.16475437188,1.86651706258,1.3799427599,1.39762953804,1.04113189323
20160809,1.096154538,0.817779601009,1.38559253884,1.16047269817,1.87762556096,1.38485848222,1.39819862528,1.03911193771
20160810,1.10109581509,0.828871144596,1.38850055297,1.15641361164,1.89310160649,1.39715812678,1.39767650121,1.0366657155
20160811,1.10144804563,0.835434127432,1.37770930334,1.16510787539,1.90114257518,1.39117450743,1.40289247305,1.03398535543
20160812,1.11775061354,0.819498429783,1.37756859959,1.17032371624,1.8992986588,1.39189387748,1.3995779987,1.03843148197
20160815,1.1174078285,0.814952872601,1.37568520336,1.16585998124,1.89944691833,1.39559066888,1.4000609691,1.04073594218
20160816,1.11868967575,0.833214138151,1.38029605844,1.16585998124,1.90389760397,1.39498595571,1.39915080627,1.04487279511
20160817,1.12330549826,0.836942710857,1.38842489644,1.16201543205,1.90049488316,1.39467554367,1.3977853088,1.06034260473
20160818,1.11391490419,0.838592521652,1.37974341954,1.16338990602,1.89739875053,1.3950003579,1.40184732987,1.06954449124
20160819,1.11994074085,0.834454170768,1.38328616832,1.1679130703,1.8958481921,1.3826589495,1.40225868223,1.06728852924
20160822,1.11813457408,0.838547917565,1.35309057272,1.17659364302,1.90013412401,1.37719083813,1.38394502436,1.05565721081
20160823,1.12062261854,0.83523059079,1.3539229757,1.17638817328,1.9125602562,1.36963396732,1.38423616205,1.05657860742
20160824,1.12288807106,0.847331214266,1.35590729077,1.17959569907,1.90251688253,1.36723962504,1.39288324816,1.05792886052
20160825,1.13240634818,0.850512408908,1.37112857981,1.19579154598,1.92644322417,1.36008321289,1.39899885014,1.04004646852
20160826,1.12783505976,0.841859853991,1.38180842972,1.19134166168,1.94016425439,1.35831647802,1.40377200785,1.03897868413
20160829,1.11544890495,0.861851351589,1.37195197085,1.19014468137,1.94878837353,1.3558657931,1.40525537345,1.03697326881
20160830,1.11779510857,0.851854292854,1.37126930016,1.18814755343,1.94267940874,1.36083972422,1.41559721853,1.04419376929
20160831,1.14179833787,0.849444958475,1.36025402054,1.21342373167,1.93272510705,1.35652261028,1.41869464548,1.0341580819
20160901,1.14782329177,0.84526518321,1.37152528402,1.21254137681,1.91098938457,1.35642303314,1.41911897214,1.03995027984
20160902,1.15058059915,0.855920988873,1.3711285774,1.21294191219,1.89805932541,1.35200608452,1.41344463815,1.03948457061
20160905,1.15007881377,0.867885086551,1.34916649279,1.21096501511,1.92387970221,1.35102915237,1.40578447067,1.02286466907
20160906,1.16751876771,0.872981746214,1.3442117136,1.21053791807,1.95444322387,1.35114525528,1.40625908398,1.02191061468
20160907,1.16843346892,0.885299060705,1.34168794991,1.21410562672,1.96822235298,1.35749830219,1.40266895564,0.994906075446
20160908,1.16852791307,0.87129939016,1.34598152338,1.2135581311,1.95956911243,1.36591124993,1.38632766136,1.00625877846
20160909,1.17279431632,0.868545163265,1.34809981503,1.21486179238,1.96143826261,1.36539141123,1.38695490359,1.01319969415
20160912,1.18371496176,0.886229456157,1.35326531219,1.21851034729,1.97634185699,1.36248032375,1.36458773742,1.0073093083
20160913,1.20722902714,0.883978579818,1.34612757997,1.22453104778,1.96620570776,1.36989298273,1.36578099363,1.00192260543
20160914,1.19729495128,0.882912706897,1.35138583918,1.22623107086,1.95898014923,1.36844780578,1.36544933888,1.00305102542
20160919,1.18911001335,0.882011068499,1.33415118538,1.22642172386,1.96384819924,1.36986996863,1.35943243427,0.98411816281
20160920,1.18852036912,0.873864041091,1.3341998269,1.25018291486,1.95132356544,1.36625238282,1.36137486697,0.96921385248
20160921,1.18748170785,0.871934943211,1.3224540904,1.24970272335,1.94992318686,1.3797612969,1.35929722171,0.970261090611
20160922,1.18640734779,0.879442601616,1.31489838909,1.24327060513,1.90690693049,1.38577998096,1.35929722171,0.976732935041
20160923,1.19068708587,0.876782811963,1.32463835189,1.24137579884,1.88655499498,1.39170074331,1.36206101671,0.983071809731
20160926,1.20571707584,0.869168133632,1.32301489656,1.25287990858,1.88275046679,1.40100641013,1.35807865524,0.977510177511
20160927,1.20720051105,0.854585974356,1.31981732888,1.26013265936,1.88064397069,1.39574787665,1.36066690026,0.972202673146
20160928,1.19625950669,0.849889163201,1.31015182978,1.26414361838,1.87989190151,1.39670975012,1.36425988196,0.971934127965
20160929,1.19398701089,0.843329163852,1.31714829584,1.2606582243,1.87458343503,1.39688432012,1.35867369102,0.972519661533
20160930,1.18748835393,0.860937462231,1.32035985871,1.26179530263,1.90331989173,1.40450801219,1.35128622366,0.971588362306
20161010,1.18074722051,0.858408704172,1.32617053429,1.26222888875,1.91091102778,1.39904025478,1.35207582122,0.97895251688
20161011,1.19152504869,0.858528194381,1.29403636628,1.27508590536,1.9000843579,1.4085915168,1.36178726494,0.9785755617
20161012,1.184231751,0.849452931208,1.29530706266,1.26872344705,1.89472951779,1.41132256741,1.36551691191,0.977999872412
20161013,1.17770602995,0.846628531977,1.30497065082,1.27578748875,1.86900857466,1.42153092017,1.34691144812,0.983667345667
20161014,1.1786537844,0.843745256269,1.29345846387,1.2788561378,1.89830110696,1.41984995382,1.34161385604,0.997319161848
20161017,1.17580117534,0.838162094243,1.29241505452,1.28826143422,1.87552572631,1.42891608042,1.34599151391,0.983126204442
20161018,1.16791101946,0.834214165401,1.29277390969,1.29225929004,1.86908843406,1.42369598003,1.33851334504,0.993511118305
20161019,1.15836408337,0.822587858171,1.26413302119,1.32117574976,1.86017531754,1.42814793566,1.34168548377,0.9809656722
20161020,1.16497343804,0.825865173844,1.26127924709,1.3298357116,1.89952011446,1.42504668791,1.35869020671,0.990786477562
20161021,1.18609574966,0.820363069659,1.25780232152,1.31660563359,1.89985583798,1.42793230934,1.36229174021,0.98710920017
20161024,1.18269915191,0.814264114541,1.2537475225,1.31676309148,1.88922466743,1.45084715603,1.3631347202,0.998021411003
20161025,1.20187016417,0.8099815679,1.24116823775,1.31389600171,1.9030558046,1.44929440516,1.36592997041,0.9814172156
20161026,1.20751330142,0.807886762885,1.23139947915,1.31634245151,1.91044210831,1.44061252454,1.35017481892,1.00006054204
20161027,1.21805691317,0.815645863264,1.22335404603,1.32368871736,1.89549302879,1.4447780409,1.34829364759,1.03050652086
20161028,1.22350627384,0.820773731017,1.24131116024,1.33113822914,1.89239887139,1.43341742962,1.35626559763,1.0402938762
20161031,1.23820770776,0.82263328638,1.21127290023,1.32942448817,1.86911811102,1.43134754918,1.37009599879,1.10419234954
20161101,1.24496199873,0.838711437867,1.20856968734,1.31774304494,1.8740771602,1.43523562301,1.38164921282,1.09234902363
20161102,1.24492391118,0.835088237442,1.2166784759,1.3308082619,1.95866175441,1.42868687358,1.39174457666,1.08178257632
20161103,1.25553887651,0.828833517758,1.22986195877,1.32815442237,1.94729900466,1.42302844104,1.39040284773,1.06301394947
20161104,1.24569005009,0.831108246524,1.27671101015,1.31292679468,1.92419238552,1.43928921752,1.40395578715,1.0620643335
20161107,1.24511288855,0.856890412154,1.29171364786,1.32853686065,1.94411269954,1.43579130563,1.41894698129,1.04683229267
20161108,1.2509608335,0.876985299207,1.2993413482,1.31173024587,1.92886517029,1.43485723159,1.41472922699,1.08357320706
20161109,1.2485800881,0.852578970959,1.31756644238,1.32786893807,1.9522562248,1.43201296125,1.42467097469,1.06732619196
20161110,1.26202964241,0.837333597619,1.34520573613,1.33629786299,2.03314331536,1.42929711157,1.43930809326,1.12554138096
20161111,1.26361765722,0.850139120159,1.3504718202,1.30154365767,2.01087235697,1.44184257712,1.42869898868,1.15737183785
20161114,1.37477826265,0.874747401959,1.36847261119,1.33065295824,2.08941738494,1.43796304408,1.53275852339,1.14888703018
20161115,1.36891628179,0.865789129196,1.37800601592,1.32220119663,2.08546585867,1.43861041597,1.52775934156,1.17228206807
20161116,1.37791163226,0.871607794075,1.38488636957,1.336135819,2.09904620978,1.44110328038,1.52579484295,1.17621652528
20161117,1.35963133495,0.867795209287,1.43116372058,1.3398378302,2.08756007468,1.43955500415,1.52192598149,1.1368734861
20161118,1.36543110801,0.867480336021,1.45647166607,1.33634088951,2.08366904882,1.43873194143,1.5176363426,1.14100763683
20161121,1.39631933365,0.865985674363,1.51521319954,1.33602344186,2.1129476156,1.4338301797,1.51927239743,1.15377528533
20161122,1.40007554603,0.865552816449,1.5005526106,1.33641905061,2.0913156103,1.43233716298,1.506377598,1.13719165275
20161123,1.39528363257,0.863101580428,1.49626896805,1.33526708839,2.10208301126,1.41919683185,1.50202617673,1.13602363508
20161124,1.39896348565,0.853843272634,1.51575837722,1.34889758354,2.08876314751,1.44039585592,1.50034957515,1.1423725867
20161125,1.38012943675,0.853792120983,1.5075637131,1.3220026273,2.0720399378,1.45088994798,1.49984649055,1.1505017596
20161128,1.39683676641,0.8665979922,1.49997113562,1.32271650231,2.08043234389,1.49192751479,1.50850125837,1.14486693217
20161129,1.41182859336,0.880917527352,1.50357345689,1.32390533977,2.07168365487,1.48558603859,1.49968227788,1.12430527573
20161130,1.40973119222,0.875270335451,1.47840773102,1.31498716253,2.03919722364,1.49054428845,1.5205069776,1.11310989012
20161201,1.42503019242,0.876673075926,1.47104454818,1.32200242742,2.01517629183,1.48594697982,1.52218484562,1.12043528586
20161202,1.43325597988,0.901113800507,1.47212587766,1.31866009067,2.01388900102,1.49583417551,1.51855880756,1.12043528586
20161205,1.43368979802,0.913803955131,1.47812235295,1.31358181071,2.01657330547,1.49154547345,1.50669550717,1.12453083236
20161206,1.43548633479,0.919959858806,1.4656354775,1.31964815531,2.02785617113,1.48337242149,1.51289567602,1.12453083236
20161207,1.42974609423,0.940057918816,1.50239856949,1.31719712588,2.0163965813,1.47945748005,1.51198824439,1.15052190126
20161208,1.43274868888,0.930112376572,1.48789850388,1.31719712588,2.04383662994,1.48679725535,1.51022059117,1.15314381234
20161209,1.4309356104,0.928556652725,1.51550372697,1.31085586926,2.01100410584,1.48617960132,1.57119525329,1.16050028114
20161212,1.42274898762,0.925749795236,1.51352730672,1.31057149744,1.99220482582,1.49095116605,1.57548138536,1.1455012947
20161213,1.41547342262,0.928904584366,1.50293013513,1.30703385975,1.98180818263,1.48910162863,1.57584527071,1.14551050041
20161214,1.44560524445,0.928621092561,1.5125201238,1.31471417501,1.99485560389,1.44962850691,1.55916281147,1.14230782251
20161215,1.44576417581,0.912551713654,1.50970022378,1.32415279533,2.00227487659,1.44440908025,1.55881784557,1.14230782251
20161216,1.44867250594,0.904657165153,1.49968118694,1.31639407645,1.99107391929,1.43872708788,1.53101474839,1.14972143642
20161219,1.447603837,0.91284388043,1.52981377718,1.30358176874,1.99078169163,1.43712035466,1.54864681377,1.13771622939
20161220,1.46935739228,0.911318125758,1.50523223693,1.31743106377,1.94156177557,1.42431714499,1.5794637269,1.13247837269
20161221,1.48324718554,0.931842216255,1.48668451891,1.31656864423,1.92117648683,1.42290330529,1.58757425985,1.12496141744
20161222,1.49325104964,0.918532607824,1.48012496443,1.30930774332,1.92702166354,1.41835796472,1.6082326271,1.11970239875
20161223,1.47937637654,0.92128748495,1.48562010304,1.29151252453,1.92765797316,1.41395220358,1.60955486004,1.11950747615
20161226,1.44871254998,0.935490108622,1.46563398471,1.28890425335,1.96456577854,1.43096239438,1.61859854066,1.13549205288
20161227,1.45421137457,0.951860888371,1.45633413721,1.30020835717,1.98561831698,1.43837227147,1.60191263628,1.14060161842
20161228,1.4483297173,0.951405172582,1.43000059705,1.30580050433,1.9738069891,1.43681896141,1.5781865265,1.14430746217
20161229,1.4490489012,0.946310741155,1.4173318347,1.30161189812,1.99283875926,1.44218297994,1.58023280334,1.13762256283
20161230,1.44189660782,0.945446858497,1.45203975814,1.30640499776,2.01955610059,1.44204334353,1.57989896635,1.14425263494
20170103,1.43947284196,0.959162636483,1.42082974985,1.30488267497,2.03879504048,1.4346466151,1.5721931253,1.12577358226
20170104,1.4406184894,0.957305968083,1.42160533851,1.30390370418,2.06438167712,1.44819347695,1.59622870676,1.13449721873
20170105,1.43572135553,0.953768312976,1.42749235649,1.30548993305,2.06946174034,1.44293198882,1.59541576921,1.13019532964
20170106,1.44588962287,0.957783895659,1.4422699635,1.28529628139,2.06526350646,1.45412787236,1.59367977859,1.13285047197
20170109,1.45912066625,0.954115009712,1.43647999833,1.28464523596,2.0598975197,1.46644856785,1.59885118288,1.13285047197
20170110,1.46516632511,0.959230946516,1.42155886335,1.27708721976,2.05348155198,1.46349488289,1.58818900439,1.11446723675
20170111,1.47390218476,0.957590595575,1.44682559678,1.27753208013,2.07780837981,1.44765350635,1.58550098586,1.11461404069
20170112,1.47381231911,0.953263976649,1.47879383622,1.28170309551,2.06993938533,1.45286140221,1.58425056283,1.11435741163
20170113,1.48009175361,0.947666545539,1.47414153139,1.2770403868,2.07228719724,1.45997132938,1.58947521421,1.11495569323
20170116,1.4822925383,0.94428878615,1.5079131568,1.28199085678,2.04352786458,1.46048746998,1.60074269084,1.11606690306
20170117,1.48226824165,0.951966440198,1.5260288894,1.27014392493,2.03542414136,1.46309463888,1.60103510754,1.17779476094
20170118,1.48022750044,0.945969125677,1.53093603957,1.27769370759,2.03081976789,1.46892775374,1.6046534807,1.18265334619
20170119,1.48703092777,0.94290001301,1.52051795886,1.27518308869,2.0188522631,1.49101343669,1.61871621195,1.18496136693
20170120,1.48716944362,0.938781664858,1.51201623329,1.27908289857,2.03695895274,1.50147271971,1.63342267637,1.18440875703
20170123,1.50621223534,0.95337199931,1.49479771081,1.28489637892,2.04820444956,1.50813995103,1.67021717696,1.2054219108
20170124,1.49417955274,0.961124981623,1.48456640076,1.28431770716,2.03324793587,1.5058388033,1.66124588319,1.1968898616
20170125,1.49544707688,0.95087718308,1.50774163264,1.30145226255,2.04649746077,1.50575121042,1.67435605335,1.18667078079
20170126,1.50160670456,0.947564130665,1.50348049737,1.29931031738,2.03522227799,1.51263443904,1.67298769555,1.18667078079
20170203,1.49717014705,0.924473006209,1.50702974306,1.29319524955,2.03008421883,1.51928521764,1.67175068283,1.17396480763
20170206,1.49107243298,0.923474367313,1.50636101827,1.29114132207,2.0462673569,1.51867034651,1.68240452008,1.18596936151
20170207,1.49355256839,0.92205360659,1.50203396657,1.29948568782,2.05805874359,1.5177182221,1.68512123554,1.18596936151
20170208,1.48721240003,0.908389422684,1.49460013703,1.30756228177,2.09657710171,1.51502929595,1.68208562036,1.19607616751
20170209,1.4901088818,0.91501835861,1.48680205694,1.31084063437,2.10011124928,1.52140643356,1.69042140135,1.19607616751
20170210,1.47644523152,0.95651019138,1.47211998438,1.3180671442,2.1216886941,1.52119465556,1.69149144017,1.20563541537
20170213,1.47355365834,0.950952371933,1.48045354551,1.32234081087,2.12585457132,1.52878494299,1.68098604124,1.20733366455
20170214,1.44734082358,0.948710234522,1.49311032881,1.32200268096,2.09668744861,1.53100798202,1.67098188359,1.20818567973
20170215,1.45146833282,0.954356401009,1.5145431565,1.3129379806,2.08909776533,1.54240706156,1.69304649559,1.22939478423
20170216,1.44372830602,0.944601340271,1.51566140221,1.31873605156,2.11732434375,1.53668175924,1.70112040512,1.22594999376
20170217,1.43002933212,0.950208156564,1.50047709539,1.30700864295,2.14584481497,1.53994857859,1.69369522221,1.22791431598
20170220,1.43035194238,0.937380780242,1.4945925444,1.30656492481,2.14250037867,1.53965763372,1.68313948347,1.22871122507
20170221,1.43230285776,0.930323311182,1.45741031345,1.30899643755,2.14182740021,1.53811702598,1.69742468402,1.22931810634
20170222,1.43857955939,0.927609011396,1.46698909077,1.30879822929,2.17919869214,1.54155765817,1.68458588989,1.22814469762
20170223,1.43485239256,0.929460087281,1.50341333311,1.31804584968,2.15224742921,1.5466861792,1.67768650666,1.22574546937
20170224,1.44228316553,0.927437890474,1.52438301233,1.3164904771,2.1592804997,1.53983948244,1.67848757747,1.24414622018
20170227,1.44295353408,0.923361029942,1.51944011889,1.31859759722,2.14670709131,1.54209314739,1.67578890577,1.24607819841
20170228,1.43763082068,0.942841781985,1.5407678851,1.32029545878,2.15834913443,1.54300458001,1.69008123043,1.24876501334
20170301,1.43406707182,0.938009575219,1.54465984539,1.31813706543,2.17147596772,1.5456335465,1.6894450159,1.24888924482
20170302,1.42980557241,0.932590323836,1.54039861764,1.31601621808,2.15916804568,1.5446678071,1.67357812066,1.25248282225
20170303,1.42867452044,0.927644023051,1.54925107519,1.3146217286,2.16484698772,1.56416972207,1.66431528438,1.26012135161
20170306,1.45961919278,0.932328798643,1.56291527118,1.31312023487,2.1447757276,1.56605823609,1.65673550834,1.25081534813
20170307,1.47063332096,0.931907577338,1.56081335396,1.32128318323,2.15119793554,1.55936035624,1.66047046572,1.26757265009
20170308,1.47290968803,0.974812745648,1.59576867816,1.32217911154,2.13643517312,1.54615815227,1.66717641883,1.2658559077
20170309,1.46312657437,0.967959424245,1.57650061509,1.30731834161,2.13719027824,1.55607826011,1.6699100996,1.27500709246
20170310,1.4514567811,0.967590797491,1.58249956218,1.29851681596,2.12454009845,1.56515042546,1.6639086921,1.27399083981
20170313,1.45340066537,0.973187135745,1.613036528,1.31087771061,2.11909939924,1.56164573726,1.65299778644,1.3213164249
20170314,1.4554669732,0.96984820645,1.61481901096,1.30536269503,2.14583759242,1.55851305438,1.64958495568,1.31620159149
20170315,1.45504928203,0.978380806737,1.63779082515,1.30291722587,2.16606363924,1.56608188576,1.66300388307,1.32016935193
20170316,1.45406497557,0.986266038977,1.65246431285,1.29993910664,2.17528250039,1.58170727201,1.66645322794,1.32394101139
20170317,1.44715683399,0.984634316229,1.64956456047,1.29995260846,2.16869112558,1.5818310597,1.66646030392,1.31923869078
20170320,1.44715683399,0.97871966262,1.65343698787,1.30039123863,2.20814621896,1.58447851771,1.68331813426,1.32041979596
20170321,1.45751665916,0.98442889244,1.62261686563,1.29909726187,2.2271724131,1.58704342414,1.68079107706,1.31304921953
20170322,1.45134528649,0.995643470668,1.61164581391,1.29416168249,2.22107462048,1.59394308999,1.67124549753,1.31220809403
20170323,1.46834954059,0.995964771937,1.6218782661,1.3028772675,2.24257750729,1.5935471043,1.67683073981,1.31464110759
20170324,1.46837378112,1.00382726412,1.63172483308,1.29377018721,2.22340417083,1.59053600036,1.67912782259,1.30182524824
20170327,1.46219046265,0.993553666968,1.66687276,1.29472533974,2.21885146876,1.60055495971,1.66009855161,1.32154584302
20170328,1.46211784011,1.02454032725,1.67178853356,1.2902310628,2.22938557185,1.59888673388,1.6597513413,1.31501288443
20170329,1.45885531361,1.01582056278,1.64806037831,1.28781476683,2.24245725238,1.59739669748,1.64666389727,1.29642046819
20170330,1.47890042913,1.0150459258,1.63194774698,1.29359951879,2.24311661063,1.60311552194,1.66269115199,1.29770372538
20170331,1.47872978185,1.01701686028,1.6306190107,1.28686632258,2.24658336242,1.60242796295,1.66855286468,1.31823518028
20170405,1.47823916726,1.01231368286,1.63162463188,1.2938583595,2.25039573449,1.61693884246,1.65719420193,1.30616110897
20170406,1.4932647283,1.01202709228,1.61939750771,1.29376895434,2.25241977043,1.61586847915,1.65411961952,1.30545824781
20170407,1.49362383476,1.00437390367,1.63772619939,1.28981926365,2.26606517401,1.61410515231,1.66762022997,1.28978981962
20170410,1.4917750508,1.00151177922,1.66268410663,1.29359499437,2.28878791937,1.63777330428,1.66789617808,1.29176823077
20170411,1.49348943839,1.01063707863,1.64925301506,1.29133079984,2.27910492205,1.63218786319,1.66452100026,1.29859772203
20170412,1.49929557047,1.00893480277,1.63858268013,1.31050810546,2.30208328748,1.61470406948,1.67960906901,1.29840408984
20170413,1.49219117748,1.0100998031,1.63034322082,1.32037511543,2.28034122467,1.61610936512,1.67913735497,1.29812089242
20170414,1.49990721723,1.00281500275,1.66943466438,1.31966576746,2.26375866878,1.62161590826,1.67894739602,1.29892435117
20170417,1.49846096253,1.0021870394,1.6737762757,1.31090134079,2.24555812006,1.62719790994,1.69078873562,1.30244096854
20170418,1.50923009171,0.998453967242,1.65852629769,1.31879880635,2.24798275779,1.63332988508,1.68910616659,1.29595419459
20170419,1.51204607466,1.03953889277,1.6747860092,1.31451960491,2.27471935056,1.6309776851,1.67587395775,1.27820615492
20170420,1.50074861534,1.01363523984,1.70761085754,1.30785023161,2.27453422141,1.63677613533,1.69057724157,1.28542456999
20170421,1.49039260484,1.00462156338,1.71459066052,1.30330107198,2.27452393358,1.63654418129,1.69913788635,1.28531068514
20170424,1.49153350685,0.991912953894,1.70391658583,1.30813843617,2.28097710223,1.6462012753,1.69634306077,1.27537089642
20170425,1.48633928989,0.98636126929,1.70058377983,1.2988404476,2.27890269865,1.64001357798,1.7027376443,1.28375692176
20170426,1.50502141415,0.977560337199,1.68631200402,1.29661021558,2.32340040341,1.64157478084,1.70049742647,1.27612805652
20170427,1.49781886454,0.977819964082,1.67876351192,1.29403531053,2.30956111501,1.64546061594,1.70551369774,1.27795520939
20170428,1.50840783261,0.970702582217,1.67026433104,1.29140657217,2.30283925145,1.64223168503,1.70200492164,1.28138615784
20170502,1.5085685177,0.969754115763,1.66626062358,1.28981520977,2.30026712977,1.63869432596,1.7220762187,1.28138615784
20170503,1.50845706595,0.969597747338,1.66467370468,1.28983307398,2.29732750603,1.64367672763,1.72141339415,1.27447301768
20170504,1.50489056112,0.972291557397,1.70399388296,1.29023746069,2.28703043824,1.65443783895,1.7278490528,1.25133415248
20170505,1.5092089854,0.970334888921,1.69698089744,1.29009914741,2.29145422014,1.66167663899,1.71788074653,1.24737756186
20170508,1.47727857563,0.967284846748,1.69911144344,1.28939844272,2.28549148781,1.66593420441,1.71850106261,1.25924275383
20170509,1.47745809177,0.969384815046,1.69570795805,1.28439562742,2.28292430325,1.66600935969,1.7176156596,1.25924275383
20170510,1.48176762663,0.976734017698,1.69102883196,1.28823636938,2.28589728256,1.66937349482,1.70560988612,1.26452572752
20170511,1.48176762663,0.992816293897,1.69901924244,1.29785543946,2.28708834976,1.66153878481,1.70732295238,1.28283005534
20170512,1.47679189274,0.993855335112,1.71932205422,1.29738181961,2.32461590708,1.6610973243,1.71097745649,1.28372815263
20170515,1.45349344416,0.99917758248,1.7503330744,1.30338541605,2.3246563154,1.65559720106,1.72930742372,1.28297176024
20170516,1.47679937467,0.998417753636,1.75061065624,1.30106690991,2.3153604027,1.65732164971,1.72860386206,1.28689350873
20170517,1.47237191037,0.995095808783,1.74361244143,1.30113908401,2.32577709546,1.66009631898,1.73302217049,1.28983024159
20170518,1.44212339174,1.0035768914,1.75905102327,1.30735879147,2.34532078235,1.6623109766,1.73930264821,1.29324639815
20170519,1.45020283812,1.03898997216,1.84539577427,1.30231420737,2.34884634271,1.66956626241,1.76888428954,1.3134051341
20170522,1.45278454443,1.03785789555,1.85927659863,1.29868851497,2.33266474592,1.68184281005,1.76476614744,1.32684346852
20170523,1.45317952251,1.03732022779,1.86807711411,1.30073268405,2.34997086213,1.68170131781,1.76925809769,1.32517112836
20170524,1.46547145379,1.04112573149,1.84878652808,1.29068292308,2.3539527745,1.67338565754,1.77775254029,1.34180487223
20170525,1.47103423797,1.04626766948,1.88220067362,1.28728602596,2.34822502995,1.67069619015,1.77210378186,1.35249540968
20170526,1.46669234789,1.03815477719,1.88967553489,1.29244153,2.36623854475,1.66926153149,1.74559078768,1.34780314912
20170531,1.45636688751,1.03781242276,1.83898246246,1.29621777358,2.32120408478,1.67557166437,1.7634331066,1.36921985885
20170601,1.46957446011,1.03431045318,1.84575781955,1.29544794735,2.3280304763,1.67890062086,1.75465465074,1.37409742344
20170602,1.46957446011,1.03405960533,1.85104643743,1.29256713739,2.32654154466,1.67814400002,1.76015703184,1.37648029206
20170605,1.46667485211,1.0255468876,1.85038947092,1.28359965524,2.32642118929,1.66867212336,1.77778842072,1.39591536745
20170606,1.47136980759,1.02783557436,1.88407974563,1.27290029471,2.33149465781,1.6688699753,1.79856780822,1.38859130975
20170607,1.47016144738,1.01877682006,1.87261701777,1.27281549232,2.31638172577,1.67671260842,1.7909305961,1.40074314063
20170608,1.45599229178,1.02868393605,1.87838753013,1.27485658004,2.31261415592,1.6751771445,1.7896230934,1.39749240058
20170609,1.45291639216,1.0264571452,1.88371656026,1.2714122386,2.30727637729,1.68203724074,1.79148856864,1.39829478514
20170612,1.44147867883,1.03064810209,1.90302318038,1.27572282378,2.30907103558,1.68392579422,1.78725544887,1.40642273865
20170613,1.43332789637,1.02460059931,1.93342158716,1.27353419153,2.29950477284,1.69015864329,1.77262239414,1.3985567013
20170614,1.43933142998,1.01925476878,1.97494653414,1.27292280332,2.29752438489,1.68951928997,1.77037660838,1.38900466313
20170615,1.45001093062,1.01668054611,1.9831772742,1.27292280332,2.31289458064,1.69042431368,1.77991942311,1.38937899018
20170616,1.45352468114,1.02397762874,2.02519327081,1.27476158535,2.33564717183,1.68970171527,1.7792728038,1.39233264066
20170619,1.45035449062,1.03905434242,1.99110968773,1.27435598875,2.3224583567,1.69686611815,1.77865650204,1.39096372485
20170620,1.4444110713,1.03423478606,2.00229385132,1.2773929991,2.31860843462,1.69886768266,1.79121923653,1.39067775578
20170621,1.4498035619,1.03349770123,1.98115347647,1.2751529481,2.31898404164,1.69809934075,1.79395982196,1.38854511284
20170622,1.45812897469,1.06693316632,1.99295024817,1.28056085769,2.36323161815,1.69477675532,1.80651890484,1.3880567175
20170623,1.46748537844,1.06389382521,1.98152895771,1.28061992538,2.35763186336,1.70916942794,1.81547359289,1.38129801143
20170626,1.4629659763,1.06263758326,1.96928620459,1.27800050361,2.34754866709,1.70946736773,1.81891286547,1.36633877832
20170627,1.47236566611,1.06319835754,1.96034503944,1.27266181508,2.34532280581,1.71325196856,1.81882546465,1.3764848873
20170628,1.48195696396,1.05635804336,1.94291717973,1.27152120875,2.35383932031,1.69903047297,1.81798410192,1.37798873452
20170629,1.48115578303,1.08522660375,1.9819781592,1.27201235202,2.35314676471,1.69642852132,1.81625359011,1.37914081565
20170630,1.4829184747,1.08198192094,1.96914594724,1.27461235476,2.33701063987,1.70397543688,1.81423335608,1.37886448544
20170703,1.47740084813,1.08166276463,1.96861604409,1.27580714902,2.39838115089,1.70104258978,1.81909856576,1.38383375315
20170704,1.47653320738,1.08670719295,1.99899051053,1.28056149999,2.38918687429,1.67816602733,1.82696255459,1.38166005335
20170705,1.47846640769,1.10592172314,1.99125872219,1.27987594163,2.38220594357,1.66795095183,1.85461099422,1.37115221223
20170706,1.47815394298,1.09961074499,1.96447297113,1.27928887412,2.37118159299,1.66209406163,1.8511774004,1.36866635729
20170707,1.4757120459,1.09869492931,1.95299143585,1.27715280694,2.36840095701,1.67074575931,1.85449991304,1.37588708914
20170710,1.47044354788,1.08676231923,1.92942469702,1.27690599663,2.33498865257,1.68501410666,1.85617686877,1.37597007422
20170711,1.47044354788,1.0973325783,1.95574617797,1.27435068435,2.32901047708,1.68305093497,1.90701306502,1.37876509958
20170712,1.47509083612,1.10648555457,1.94651915841,1.2731285163,2.34013997328,1.68391379994,1.87117273706,1.41055995385
20170713,1.47249512634,1.10797598732,1.95549063923,1.27579314654,2.34653481818,1.68278390788,1.87320683828,1.41654488745
20170714,1.45720007349,1.11097454196,1.9578949052,1.27455810941,2.30413365948,1.69132521961,1.86640677486,1.41840620695
20170717,1.45784295528,1.1217693047,1.94435083273,1.27401829797,2.2946220975,1.70301275302,1.88358044236,1.43140948744
20170718,1.44994354206,1.12174933043,1.94423804528,1.27252652822,2.28944699654,1.71820303714,1.87762271217,1.42629539454
20170719,1.44908604515,1.14712282052,1.93564655034,1.27252652822,2.26848855984,1.72052053031,1.88278244445,1.42623635155
20170720,1.44911750267,1.15430517329,1.9370339073,1.26590637294,2.26603574859,1.71994738938,1.90601171987,1.42528969515
20170721,1.48833363986,1.15160964857,1.96997561599,1.27016508048,2.26636438143,1.71560997947,1.8798921664,1.41942550915
20170724,1.48169529689,1.14230080503,1.93877620745,1.26098133989,2.24186389848,1.70955096866,1.87147064048,1.4294297865
20170725,1.47825600175,1.13961810491,1.93499110652,1.2631074574,2.26195097781,1.70599328257,1.87435051745,1.43018089112
20170726,1.48041978714,1.14411018906,2.01886047676,1.27911993286,2.27794755241,1.68605710573,1.85857731138,1.43115664477
20170727,1.48056541266,1.14306638261,2.02221592326,1.28166424735,2.28530999157,1.68531907479,1.87952921267,1.4321600966
20170728,1.51549120726,1.13223993668,1.98996980202,1.29087670625,2.28285277338,1.70856551523,1.89849875174,1.43996446035
20170731,1.51489912995,1.14245877868,1.99343554099,1.30770308431,2.2965152581,1.70377874288,1.90374692528,1.46907579988
20170801,1.52068467188,1.14131981817,2.0011209944,1.30702347277,2.29669953309,1.71358429627,1.88958967995,1.48285385402
20170802,1.51452670748,1.13514099726,1.98513786366,1.30879940293,2.28935580321,1.71617389754,1.87743444784,1.47811002838
20170803,1.50631368871,1.13419993634,1.99442416566,1.30629198057,2.30298143401,1.71418833488,1.87258414476,1.48367340452
20170804,1.50631368871,1.12986445344,2.02187998164,1.30307155704,2.30298143401,1.71624165426,1.85608434853,1.48770379971
20170807,1.49415622886,1.13301683761,2.01491401033,1.30271153709,2.29721247563,1.7061095865,1.88274561945,1.48250500033
20170808,1.51071344928,1.13251750844,1.9993659997,1.31883477523,2.30069599539,1.70478047698,1.88552756584,1.48803438114
20170809,1.50678333361,1.14473905781,1.99759234981,1.31426523173,2.29937260762,1.71207372571,1.90331370732,1.48803438114
20170810,1.51188307427,1.14447880081,2.00280972617,1.30317883447,2.29184305957,1.71262018584,1.90269971617,1.46690149761
20170811,1.51952012552,1.14376490047,2.03147065551,1.29902222327,2.23783151286,1.71510063935,1.93129863261,1.45528404564
20170814,1.51759388695,1.13731025859,2.04061632742,1.29304603793,2.24690223501,1.71262290056,1.93366637097,1.47537754885
20170815,1.52322766483,1.14056808081,2.02748920395,1.29018828809,2.24049638334,1.72209521537,1.95188157255,1.48049390546
20170816,1.52411024327,1.1391600016,2.02274069657,1.29514625877,2.24592707298,1.72831092897,1.94491849408,1.47908206114
20170817,1.53294945374,1.14437588696,2.05977307864,1.29470953008,2.23809213459,1.72355021199,1.93665198726,1.48364255136
20170818,1.53173980695,1.14447436737,2.05533147617,1.29470953008,2.23700725555,1.71865429905,1.93903925847,1.47733285388
20170821,1.52879827975,1.13627783558,2.03674589102,1.29419140205,2.2409299621,1.71924767066,1.93384805033,1.4737947111
20170822,1.52408253377,1.13278627602,2.04386220521,1.30871834059,2.21617934742,1.72115461633,1.94411179764,1.47542066021
20170823,1.51822589167,1.12126355149,2.04931876161,1.30411187924,2.21143347428,1.72430024257,1.93790001995,1.47021390893
20170824,1.52632545164,1.13307408808,2.03139730127,1.30064290318,2.22256870677,1.72372985476,1.93555762091,1.46881782476
20170825,1.52632545164,1.13803874092,2.03961362839,1.30380666085,2.21781570358,1.73572030796,1.93222864612,1.49712676842
20170828,1.52562991559,1.12428804343,2.06290966527,1.30164876991,2.2230945812,1.73054086328,1.92780557637,1.4949138051
20170829,1.52431456419,1.1254124373,2.06997149934,1.30563819142,2.23735506871,1.73188159899,1.93170017581,1.49272867188
20170830,1.52321867013,1.12567125865,2.06155271992,1.30622863011,2.22772589367,1.73548944141,1.92326314662,1.46798294842
20170831,1.52283726673,1.12676561559,2.04651536996,1.30617026362,2.22440452865,1.73266632311,1.92130180108,1.4670454021
20170901,1.51806951458,1.12051360807,2.02978336564,1.30601087939,2.22965785327,1.72780385868,1.90592831456,1.45684000697
20170904,1.54969759951,1.12581975602,2.0691616961,1.29959657745,2.22743554463,1.72663244502,1.90361030795,1.4570942712
20170905,1.54733433088,1.12581975602,2.05336999218,1.30018186253,2.22628691554,1.72641257,1.90283456046,1.45587907449
20170906,1.5554782965,1.11910692105,2.03701069769,1.30221324118,2.21934416316,1.73027222092,1.91206937049,1.46578148097
20170907,1.54709446804,1.11347970497,2.01346034336,1.30055649499,2.22653520012,1.74117871416,1.90454249159,1.4674861369
20170908,1.52491142913,1.11197417396,2.0259533739,1.31446954197,2.24438066788,1.73297487112,1.8916686819,1.46485207921
20170911,1.52440889324,1.11324273711,2.01047036012,1.31613414769,2.25110834083,1.73235175201,1.89715621313,1.44689051907
